{
    "avg_accuracy": {
        "GridSearch var_threshold Linear SVM": [
            0.21721187720181181,
            0.10920986411675895,
            0.07921489682939103,
            0.07619526925012583,
            0.07594363361852038
        ],
        "GridSearch chi2 Linear SVM": [
            0.2691494715651736,
            0.27116255661801714,
            0.27267237040764974,
            0.2737292400603925,
            0.27433316557624554
        ],
        "GridSearch f_classif Linear SVM": [
            0.2701560140915954,
            0.26940110719677907,
            0.2701560140915954,
            0.2726220432813286,
            0.2727226975339708
        ],
        "GridSearch mutual_info_classif Linear SVM": [
            0.26638147961751385,
            0.27141419224962254,
            0.27307498741821845,
            0.2725717161550076,
            0.2735279315551082
        ],
        "RFECV SVM": [
            0.07292400603925515,
            0.14207347760442876,
            0.27307498741821845,
            0.27287367891293407,
            0.2737292400603925,
            0.2736789129340714,
            0.2738298943130347,
            0.27418218419728235,
            0.27423251132360343,
            0.2742325113236034,
            0.2742325113236034,
            0.2742325113236034
        ]
    },
    "avg_mrr": {
        "GridSearch var_threshold Linear SVM": [
            0.3781956081648654,
            0.26262047519987336,
            0.22030549693598647,
            0.21441661504831866,
            0.2144123580520101
        ],
        "GridSearch chi2 Linear SVM": [
            0.42170869339089034,
            0.42114595632395846,
            0.4224512417266612,
            0.42343355197154386,
            0.4237910058378165
        ],
        "GridSearch f_classif Linear SVM": [
            0.42288998110465564,
            0.41962859622772203,
            0.42049526450643293,
            0.4220487768024608,
            0.4226234524740186
        ],
        "GridSearch mutual_info_classif Linear SVM": [
            0.41591361203251465,
            0.4203998666628661,
            0.4218155604150201,
            0.4218820452352774,
            0.42305086955672505
        ],
        "RFECV SVM": [
            0.21212739776562972,
            0.29427882870041777,
            0.4214683412201229,
            0.4219132813451248,
            0.42274353158598404,
            0.4228163967843,
            0.4229587561196742,
            0.4231271233564232,
            0.42318267745168736,
            0.42320400119443047,
            0.42320180090681003,
            0.4232026996054943
        ]
    }
}