{
    "avg_accuracy": {
        "GridSearch var_threshold Linear SVM": [
            0.12973408541498793,
            0.12159548751007254,
            0.12123287671232877,
            0.12115229653505237,
            0.1175261885576148
        ],
        "GridSearch chi2 Linear SVM": [
            0.15294117647058825,
            0.16655922643029814,
            0.1669218372280419,
            0.167767929089444,
            0.1678485092667204
        ],
        "GridSearch f_classif Linear SVM": [
            0.13763094278807414,
            0.16095890410958905,
            0.16615632554391618,
            0.1677276390008058,
            0.16748589846897663
        ],
        "GridSearch mutual_info_classif Linear SVM": [
            0.1614826752618856,
            0.16716357775987106,
            0.16744560838033845,
            0.16740531829170024,
            0.16752618855761484
        ],
        "RFECV SVM": [
            0.11406124093473005,
            0.16716357775987106,
            0.16752618855761484,
            0.1683319903303787,
            0.16821112006446412,
            0.1684125705076551,
            0.16837228041901692,
            0.16837228041901692,
            0.16837228041901692,
            0.16837228041901692,
            0.16837228041901692
        ]
    },
    "avg_mrr": {
        "GridSearch var_threshold Linear SVM": [
            0.30676257635862436,
            0.2925227133003839,
            0.2860914675033648,
            0.2847263682522927,
            0.28044678364228715
        ],
        "GridSearch chi2 Linear SVM": [
            0.3414759927771405,
            0.34476976766868456,
            0.3456492999850067,
            0.3462264155536754,
            0.34623200455208397
        ],
        "GridSearch f_classif Linear SVM": [
            0.3139597558673333,
            0.3405599301684849,
            0.344563189327549,
            0.3461847768439624,
            0.3460989395824009
        ],
        "GridSearch mutual_info_classif Linear SVM": [
            0.3390672807621595,
            0.34510377919003327,
            0.3457856681681847,
            0.3461245978684363,
            0.34609869835989265
        ],
        "RFECV SVM": [
            0.2730330779400678,
            0.3446831258336268,
            0.34569238033294064,
            0.3463617151133847,
            0.34637717353311126,
            0.3465147636087685,
            0.3465150863880876,
            0.34652141810028214,
            0.3465228378363881,
            0.34652342500082556,
            0.3465234289722281
        ]
    }
}